<?xml version="1.0"?>

<portlet-app xmlns="http://java.sun.com/xml/ns/portlet/portlet-app_2_0.xsd" xmlns:xsi="http://www.w3.org/2001/XMLSchema-instance" xsi:schemaLocation="http://java.sun.com/xml/ns/portlet/portlet-app_2_0.xsd http://java.sun.com/xml/ns/portlet/portlet-app_2_0.xsd" version="2.0">
	<!--  Start of code changes  -->
	<portlet>
		<portlet-name>userProfile</portlet-name>
		<display-name>USERPROFILE</display-name>
		<portlet-class>org.springframework.web.portlet.DispatcherPortlet</portlet-class>
		 <init-param>
            <name>contextConfigLocation</name>
            <value>
            	/WEB-INF/context/user-profile-config.xml
            </value>
        </init-param>
		<expiration-cache>0</expiration-cache>
		<supports>
			<mime-type>text/html</mime-type>
		</supports>
		
		<supported-locale>en_US</supported-locale>
		<resource-bundle>content.Language</resource-bundle>
		<portlet-info>
			<title>USERPROFILE</title>
			<short-title>USERPROFILE</short-title>
			<keywords>USERPROFILE</keywords>
		</portlet-info>
		<security-role-ref>
			<role-name>administrator</role-name>
		</security-role-ref>
		<security-role-ref>
			<role-name>guest</role-name>
		</security-role-ref>
		<security-role-ref>
			<role-name>power-user</role-name>
		</security-role-ref>
		<security-role-ref>
			<role-name>user</role-name>
		</security-role-ref>
	</portlet>
	
	<portlet>
		<portlet-name>group</portlet-name>
		<display-name>GROUP</display-name>
		<portlet-class>org.springframework.web.portlet.DispatcherPortlet</portlet-class>
		 <init-param>
            <name>contextConfigLocation</name>
            <value>
            	/WEB-INF/context/group-config.xml
            </value>
        </init-param>
		<expiration-cache>0</expiration-cache>
		<supports>
			<mime-type>text/html</mime-type>
		</supports>
		
		<supported-locale>en_US</supported-locale>
		<resource-bundle>content.Language</resource-bundle>
		<portlet-info>
			<title>GROUP</title>
			<short-title>GROUP</short-title>
			<keywords>GROUP</keywords>
		</portlet-info>
		<security-role-ref>
			<role-name>administrator</role-name>
		</security-role-ref>
		<security-role-ref>
			<role-name>guest</role-name>
		</security-role-ref>
		<security-role-ref>
			<role-name>power-user</role-name>
		</security-role-ref>
		<security-role-ref>
			<role-name>user</role-name>
		</security-role-ref>
	</portlet>
	
		<portlet>
		<portlet-name>userGroup</portlet-name>
		<display-name>USERGROPUP</display-name>
		<portlet-class>org.springframework.web.portlet.DispatcherPortlet</portlet-class>
		 <init-param>
            <name>contextConfigLocation</name>
            <value>
            	/WEB-INF/context/user-group-config.xml
            </value>
        </init-param>
		<expiration-cache>0</expiration-cache>
		<supports>
			<mime-type>text/html</mime-type>
		</supports>
		
		<supported-locale>en_US</supported-locale>
		<resource-bundle>content.Language</resource-bundle>
		<portlet-info>
			<title>USERGROPUP</title>
			<short-title>USERGROPUP</short-title>
			<keywords>USERGROPUP</keywords>
		</portlet-info>
		<security-role-ref>
			<role-name>administrator</role-name>
		</security-role-ref>
		<security-role-ref>
			<role-name>guest</role-name>
		</security-role-ref>
		<security-role-ref>
			<role-name>power-user</role-name>
		</security-role-ref>
		<security-role-ref>
			<role-name>user</role-name>
		</security-role-ref>
		<supported-public-render-parameter>action</supported-public-render-parameter>
	</portlet>
	
	<portlet>
		<portlet-name>myStuff</portlet-name>
		<display-name>MYSTUFF</display-name>
		<portlet-class>org.springframework.web.portlet.DispatcherPortlet</portlet-class>
		 <init-param>
            <name>contextConfigLocation</name>
            <value>
            	/WEB-INF/context/my-stuff-config.xml
            </value>
        </init-param>
		<expiration-cache>0</expiration-cache>
		<supports>
			<mime-type>text/html</mime-type>
		</supports>
		
		<supported-locale>en_US</supported-locale>
		<resource-bundle>content.Language</resource-bundle>
		<portlet-info>
			<title>MYSTUFF</title>
			<short-title>MYSTUFF</short-title>
			<keywords>MYSTUFF</keywords>
		</portlet-info>
		<security-role-ref>
			<role-name>administrator</role-name>
		</security-role-ref>
		<security-role-ref>
			<role-name>guest</role-name>
		</security-role-ref>
		<security-role-ref>
			<role-name>power-user</role-name>
		</security-role-ref>
		<security-role-ref>
			<role-name>user</role-name>
		</security-role-ref>
		<supported-public-render-parameter>action</supported-public-render-parameter>
		<supported-public-render-parameter>categoryId</supported-public-render-parameter>
	</portlet>
	
	<portlet>
		<portlet-name>trending</portlet-name>
		<display-name>Trending</display-name>
		<portlet-class>org.springframework.web.portlet.DispatcherPortlet</portlet-class>
		 <init-param>
            <name>contextConfigLocation</name>
            <value>
            	/WEB-INF/context/trending-config.xml
            </value>
        </init-param>
		<expiration-cache>0</expiration-cache>
		<supports>
			<mime-type>text/html</mime-type>
		</supports>
		
		<supported-locale>en_US</supported-locale>
		<resource-bundle>content.Language</resource-bundle>
		<portlet-info>
			<title>Trending</title>
			<short-title>Trending</short-title>
			<keywords>Trending</keywords>
		</portlet-info>
		<security-role-ref>
			<role-name>administrator</role-name>
		</security-role-ref>
		<security-role-ref>
			<role-name>guest</role-name>
		</security-role-ref>
		<security-role-ref>
			<role-name>power-user</role-name>
		</security-role-ref>
		<security-role-ref>
			<role-name>user</role-name>
		</security-role-ref>
		<supported-public-render-parameter>action</supported-public-render-parameter>
		<supported-public-render-parameter>categoryId</supported-public-render-parameter>
	</portlet>
	
	
	
	
	
	<portlet>
		<portlet-name>nyuactivity</portlet-name>
		<display-name>nyuactivity</display-name>
		<portlet-class>org.springframework.web.portlet.DispatcherPortlet</portlet-class>
		 <init-param>
            <name>contextConfigLocation</name>
            <value>
            	/WEB-INF/context/nyuactivity-config.xml
            </value>
            
        </init-param>
         <init-param>
            <name>check-auth-token</name>
            <value>
            	true
            </value>
            
        </init-param>
		<expiration-cache>0</expiration-cache>
		<supports>
			<mime-type>text/html</mime-type>
		</supports>
		
		<supported-locale>en_US</supported-locale>
		<resource-bundle>content.Language</resource-bundle>
		<portlet-info>
			<title>nyuactivity</title>
			<short-title>nyuactivity</short-title>
			<keywords>nyuactivity</keywords>
		</portlet-info>
		<security-role-ref>
			<role-name>administrator</role-name>
		</security-role-ref>
		<security-role-ref>
			<role-name>guest</role-name>
		</security-role-ref>
		<security-role-ref>
			<role-name>power-user</role-name>
		</security-role-ref>
		<security-role-ref>
			<role-name>user</role-name>
		</security-role-ref>
		<supported-public-render-parameter>action</supported-public-render-parameter>
		<supported-public-render-parameter>categoryId</supported-public-render-parameter>
	</portlet>

	<portlet>
		<portlet-name>AuditReport</portlet-name>
		<display-name>AuditReport</display-name>
		<portlet-class>org.springframework.web.portlet.DispatcherPortlet</portlet-class>
		 <init-param>
            <name>contextConfigLocation</name>
            <value>
            	/WEB-INF/context/auditReport-config.xml
            </value>
            
        </init-param>
         <init-param>
            <name>check-auth-token</name>
            <value>
            	true
            </value>
            
        </init-param>
		<expiration-cache>0</expiration-cache>
		<supports>
			<mime-type>text/html</mime-type>
		</supports>
		
		<supported-locale>en_US</supported-locale>
		<resource-bundle>content.Language</resource-bundle>
		<portlet-info>
			<title>AuditReport</title>
			<short-title>AuditReport</short-title>
			<keywords>AuditReport</keywords>
		</portlet-info>
		<security-role-ref>
			<role-name>administrator</role-name>
		</security-role-ref>
		<security-role-ref>
			<role-name>guest</role-name>
		</security-role-ref>
		<security-role-ref>
			<role-name>power-user</role-name>
		</security-role-ref>
		<security-role-ref>
			<role-name>user</role-name>
		</security-role-ref>
		<supported-public-render-parameter>action</supported-public-render-parameter>
		<supported-public-render-parameter>categoryId</supported-public-render-parameter>
	</portlet>
	
	<!--  End of code changes  -->
	
	<portlet>
		<portlet-name>lessons</portlet-name>
		<display-name>LESSONS</display-name>
		<portlet-class>org.springframework.web.portlet.DispatcherPortlet</portlet-class>
		 <init-param>
            <name>contextConfigLocation</name>
            <value>
            	/WEB-INF/context/lessons-config.xml
            </value>
        </init-param>
		<expiration-cache>0</expiration-cache>
		<supports>
			<mime-type>text/html</mime-type>
		</supports>
		
		<supported-locale>en_US</supported-locale>
		<resource-bundle>content.Language</resource-bundle>
		<portlet-info>
			<title>LESSONS</title>
			<short-title>LESSONS</short-title>
			<keywords>LESSONS</keywords>
		</portlet-info>
		<security-role-ref>
			<role-name>administrator</role-name>
		</security-role-ref>
		<security-role-ref>
			<role-name>guest</role-name>
		</security-role-ref>
		<security-role-ref>
			<role-name>power-user</role-name>
		</security-role-ref>
		<security-role-ref>
			<role-name>user</role-name>
		</security-role-ref>
		<supported-public-render-parameter>action</supported-public-render-parameter>
		<supported-public-render-parameter>categoryId</supported-public-render-parameter>
	</portlet>
	
	<portlet>
		<portlet-name>nyu-lessons</portlet-name>
		<display-name>NYU-LESSONS</display-name>
		<portlet-class>org.springframework.web.portlet.DispatcherPortlet</portlet-class>
		 <init-param>
            <name>contextConfigLocation</name>
            <value>
            	/WEB-INF/context/nyu-lessons-config.xml
            </value>
        </init-param>
		<expiration-cache>0</expiration-cache>
		<supports>
			<mime-type>text/html</mime-type>
		</supports>
		
		<supported-locale>en_US</supported-locale>
		<resource-bundle>content.Language</resource-bundle>
		<portlet-info>
			<title>NYU-LESSONS</title>
			<short-title>NYU-LESSONS</short-title>
			<keywords>NYU-LESSONS</keywords>
		</portlet-info>
		<security-role-ref>
			<role-name>administrator</role-name>
		</security-role-ref>
		<security-role-ref>
			<role-name>guest</role-name>
		</security-role-ref>
		<security-role-ref>
			<role-name>power-user</role-name>
		</security-role-ref>
		<security-role-ref>
			<role-name>user</role-name>
		</security-role-ref>
		<supported-public-render-parameter>action</supported-public-render-parameter>
		<supported-public-render-parameter>categoryId</supported-public-render-parameter>
	</portlet>
	
	<portlet>
		<portlet-name>view-lesson</portlet-name>
		<display-name>VIEW LESSON</display-name>
		<portlet-class>org.springframework.web.portlet.DispatcherPortlet</portlet-class>
		 <init-param>
            <name>contextConfigLocation</name>
            <value>
            	/WEB-INF/context/view-lessons-config.xml
            </value>
        </init-param>
		<expiration-cache>0</expiration-cache>
		<supports>
			<mime-type>text/html</mime-type>
		</supports>
		
		<supported-locale>en_US</supported-locale>
		<resource-bundle>content/Language</resource-bundle>
		<portlet-info>
			<title>VIEW LESSON</title>
			<short-title>VIEW LESSON</short-title>
			<keywords>VIEW LESSON</keywords>
		</portlet-info>
		<security-role-ref>
			<role-name>administrator</role-name>
		</security-role-ref>
		<security-role-ref>
			<role-name>guest</role-name>
		</security-role-ref>
		<security-role-ref>
			<role-name>power-user</role-name>
		</security-role-ref>
		<security-role-ref>
			<role-name>user</role-name>
		</security-role-ref>
		<supported-public-render-parameter>action</supported-public-render-parameter>
		<supported-public-render-parameter>categoryId</supported-public-render-parameter>
	</portlet>
		
	
	
	<portlet>
		<portlet-name>request-lesson</portlet-name>
		<display-name>Request Lesson</display-name>
		<portlet-class>org.springframework.web.portlet.DispatcherPortlet</portlet-class>
		 <init-param>
            <name>contextConfigLocation</name>
            <value>
            	/WEB-INF/context/request-lesson-config.xml
            </value>
        </init-param>
		<expiration-cache>0</expiration-cache>
		<supports>
			<mime-type>text/html</mime-type>
		</supports>
		
		<supported-locale>en_US</supported-locale>
		<resource-bundle>content.Language</resource-bundle>
		<portlet-info>
			<title>Request Lesson</title>
			<short-title>Request Lesson</short-title>
			<keywords>Request Lesson</keywords>
		</portlet-info>
		<security-role-ref>
			<role-name>administrator</role-name>
		</security-role-ref>
		<security-role-ref>
			<role-name>guest</role-name>
		</security-role-ref>
		<security-role-ref>
			<role-name>power-user</role-name>
		</security-role-ref>
		<security-role-ref>
			<role-name>user</role-name>
		</security-role-ref>
		<supported-public-render-parameter>requestLessonTitle</supported-public-render-parameter>
	</portlet>
	
	<portlet>
		<portlet-name>homepage</portlet-name>
		<display-name>Homepage</display-name>
		<portlet-class>org.springframework.web.portlet.DispatcherPortlet</portlet-class>
		<init-param>
			<name>contextConfigLocation</name>
			<value>/WEB-INF/context/homepage-config.xml</value>
		</init-param>
		<expiration-cache>0</expiration-cache>
		<supports>
			<mime-type>text/html</mime-type>
			<portlet-mode>view</portlet-mode>
		</supports>
		
		<supported-locale>en_US</supported-locale>
		<resource-bundle>content.Language</resource-bundle>
		<portlet-info>
			<title>Homepage</title>
			<short-title>Homepage</short-title>
			<keywords></keywords>
		</portlet-info>
		<security-role-ref>
			<role-name>administrator</role-name>
		</security-role-ref>
		<security-role-ref>
			<role-name>guest</role-name>
		</security-role-ref>
		<security-role-ref>
			<role-name>power-user</role-name>
		</security-role-ref>
		<security-role-ref>
			<role-name>user</role-name>
		</security-role-ref>
		
		<supported-public-render-parameter>requestLessonTitle</supported-public-render-parameter>
	</portlet>
	
	<portlet>
		<portlet-name>contact-us</portlet-name>
		<display-name>Contact Us</display-name>
		<portlet-class>org.springframework.web.portlet.DispatcherPortlet</portlet-class>
		<init-param>
			<name>contextConfigLocation</name>
			<value>/WEB-INF/context/contact-us-config.xml</value>
		</init-param>
		<expiration-cache>0</expiration-cache>
		<supports>
			<mime-type>text/html</mime-type>
			<portlet-mode>view</portlet-mode>
		</supports>
		
		<supported-locale>en_US</supported-locale>
		<resource-bundle>content.Language</resource-bundle>
		<portlet-info>
			<title>Contact Us</title>
			<short-title>Contact Us</short-title>
			<keywords></keywords>
		</portlet-info>
		<security-role-ref>
			<role-name>administrator</role-name>
		</security-role-ref>
		<security-role-ref>
			<role-name>guest</role-name>
		</security-role-ref>
		<security-role-ref>
			<role-name>power-user</role-name>
		</security-role-ref>
		<security-role-ref>
			<role-name>user</role-name>
		</security-role-ref>
	</portlet>
	<portlet>
		<portlet-name>admin</portlet-name>
		<display-name>Admin</display-name>
		<portlet-class>org.springframework.web.portlet.DispatcherPortlet</portlet-class>
		 <init-param>
            <name>contextConfigLocation</name>
            <value>
            	/WEB-INF/context/admin-config.xml
            </value>
        </init-param>
		<expiration-cache>0</expiration-cache>
		<supports>
			<mime-type>text/html</mime-type>
			<portlet-mode>view</portlet-mode>
		</supports>
		
		<supported-locale>en_US</supported-locale>
		<resource-bundle>content.Language</resource-bundle>
		<portlet-info>
			<title>Admin</title>
			<short-title>Admin</short-title>
			<keywords></keywords>
		</portlet-info>
		<security-role-ref>
			<role-name>administrator</role-name>
		</security-role-ref>
		<security-role-ref>
			<role-name>guest</role-name>
		</security-role-ref>
		<security-role-ref>
			<role-name>power-user</role-name>
		</security-role-ref>
		<security-role-ref>
			<role-name>user</role-name>
		</security-role-ref>
	</portlet>
	<portlet>
		<portlet-name>navigation</portlet-name>
		<display-name>Navigation</display-name>
		<portlet-class>org.springframework.web.portlet.DispatcherPortlet</portlet-class>
		 <init-param>
            <name>contextConfigLocation</name>
            <value>
            	/WEB-INF/context/navigation-config.xml
            </value>
        </init-param>
		<expiration-cache>0</expiration-cache>
		<supports>
			<mime-type>text/html</mime-type>
			<portlet-mode>view</portlet-mode>
		</supports>
		
		<supported-locale>en_US</supported-locale>
		<resource-bundle>content.Language</resource-bundle>
		<portlet-info>
			<title>Navigation</title>
			<short-title>Navigation</short-title>
			<keywords></keywords>
		</portlet-info>
		<security-role-ref>
			<role-name>administrator</role-name>
		</security-role-ref>
		<security-role-ref>
			<role-name>guest</role-name>
		</security-role-ref>
		<security-role-ref>
			<role-name>power-user</role-name>
		</security-role-ref>
		<security-role-ref>
			<role-name>user</role-name>
		</security-role-ref>
	</portlet>
	<portlet>
		<portlet-name>header</portlet-name>
		<display-name>Header</display-name>
		<portlet-class>org.springframework.web.portlet.DispatcherPortlet</portlet-class>
		 <init-param>
            <name>contextConfigLocation</name>
            <value>
            	/WEB-INF/context/header-config.xml
            </value>
        </init-param>
		<expiration-cache>0</expiration-cache>
		<supports>
			<mime-type>text/html</mime-type>
			<portlet-mode>view</portlet-mode>
		</supports>
		
		<supported-locale>en_US</supported-locale>
		<resource-bundle>content.Language</resource-bundle>
		<portlet-info>
			<title>Header</title>
			<short-title>Header</short-title>
			<keywords></keywords>
		</portlet-info>
		<security-role-ref>
			<role-name>administrator</role-name>
		</security-role-ref>
		<security-role-ref>
			<role-name>guest</role-name>
		</security-role-ref>
		<security-role-ref>
			<role-name>power-user</role-name>
		</security-role-ref>
		<security-role-ref>
			<role-name>user</role-name>
		</security-role-ref>
	</portlet>
	<portlet>
		<portlet-name>contributor</portlet-name>
		<display-name>Contributor</display-name>
		<portlet-class>org.springframework.web.portlet.DispatcherPortlet</portlet-class>
		 <init-param>
            <name>contextConfigLocation</name>
            <value>
            	/WEB-INF/context/contributor-config.xml
            </value>
        </init-param>
		<expiration-cache>0</expiration-cache>
		<supports>
			<mime-type>text/html</mime-type>
			<portlet-mode>view</portlet-mode>
		</supports>
		
		<supported-locale>en_US</supported-locale>
		<resource-bundle>content.Language</resource-bundle>
		<portlet-info>
			<title>Contributor</title>
			<short-title>Contributor</short-title>
			<keywords></keywords>
		</portlet-info>
		<security-role-ref>
			<role-name>administrator</role-name>
		</security-role-ref>
		<security-role-ref>
			<role-name>guest</role-name>
		</security-role-ref>
		<security-role-ref>
			<role-name>power-user</role-name>
		</security-role-ref>
		<security-role-ref>
			<role-name>user</role-name>
		</security-role-ref>
	</portlet>
	<portlet>
		<portlet-name>signup-controller</portlet-name>
		<display-name>Signup Controller</display-name>
		<portlet-class>org.springframework.web.portlet.DispatcherPortlet</portlet-class>
		<init-param> 
			<name>contextConfigLocation</name> 
			<value>/WEB-INF/context/signup-config.xml</value>
		</init-param>
		<expiration-cache>0</expiration-cache>
		<supports>
			<mime-type>text/html</mime-type>
			<portlet-mode>view</portlet-mode>
		</supports>
		<supported-locale>en_US</supported-locale>
		<resource-bundle>content.Language</resource-bundle>
		<portlet-info>
			<title>Signup Controller</title>
			<short-title>Signup Controller</short-title>
			<keywords></keywords>
		</portlet-info>
		<security-role-ref>
			<role-name>administrator</role-name>
		</security-role-ref>
		<security-role-ref>
			<role-name>guest</role-name>
		</security-role-ref>
		<security-role-ref>
			<role-name>power-user</role-name>
		</security-role-ref>
		<security-role-ref>
			<role-name>user</role-name>
		</security-role-ref>
	</portlet>
	<public-render-parameter>
		<identifier>action</identifier>
		<qname xmlns:x="http://www.nyuyou.com/public-render-parameters">x:action</qname>
	</public-render-parameter>
	
	<public-render-parameter>
		<identifier>categoryId</identifier>
		<qname xmlns:x="http://www.nyuyou.com/public-render-parameters">x:categoryId</qname>
	</public-render-parameter>	
	<public-render-parameter>
		<identifier>requestLessonTitle</identifier>
		<qname xmlns:x="http://www.nyuyou.com/public-render-parameters">x:requestLessonTitle</qname>
	</public-render-parameter>	

</portlet-app>