<?xml version="1.0" encoding="UTF-8"?>
<beans xmlns="http://www.springframework.org/schema/beans"
    xmlns:xsi="http://www.w3.org/2001/XMLSchema-instance"
    xmlns:context="http://www.springframework.org/schema/context"
    xmlns:tx="http://www.springframework.org/schema/tx"
    xsi:schemaLocation="
		http://www.springframework.org/schema/beans
		http://www.springframework.org/schema/beans/spring-beans-3.0.xsd
		http://www.springframework.org/schema/context
		http://www.springframework.org/schema/context/spring-context-3.0.xsd
		http://www.springframework.org/schema/tx
		http://www.springframework.org/schema/tx/spring-tx-3.0.xsd"
		default-autowire="byName">

	<!--  SERVICE -->
	<bean id="cdnService" class="org.sakaiproject.esb.client.stubs.CDNServiceLocator"/>
	<bean id="cloudStorageService" class="org.sakaiproject.esb.client.stubs.CloudStorageServiceLocator"/>
	<bean id="mediaService" class="org.sakaiproject.esb.client.stubs.MediaServiceLocator"/>
	
	<!--  HANDLER -->
	<bean id="CDNServiceHandler" class="org.sakaiproject.esb.client.impl.CDNServiceImpl">
		<property name="cdnService" ref="cdnService"/>
	</bean>
	
	<bean id="cloudStorageServiceHandler" class="org.sakaiproject.esb.client.impl.CloudStorageServiceImpl">
		<property name="cloudStorageService" ref="cloudStorageService"/>
	</bean>

	<bean id="mediaServiceHandler" class="org.sakaiproject.esb.client.impl.MediaServiceImpl">
		<property name="mediaService" ref="mediaService"/>
	</bean>
	
	<!--  SERVICE REGISTRY -->
	<bean id="serviceRegistry" class="org.sakaiproject.esb.client.impl.ServiceRegistryImpl">
		<property name="cdnServiceHandler" ref="CDNServiceHandler"/>
		<property name="cloudStorageServiceHandler" ref="cloudStorageServiceHandler"/>
		<property name="mediaServiceHandler" ref="mediaServiceHandler"/>
	</bean>
</beans>
