<?xml version="1.0" encoding="UTF-8"?>
<beans xmlns="http://www.springframework.org/schema/beans"
	xmlns:xsi="http://www.w3.org/2001/XMLSchema-instance" 
	xmlns:context="http://www.springframework.org/schema/context"
	xmlns:tx="http://www.springframework.org/schema/tx"
	xsi:schemaLocation="
		http://www.springframework.org/schema/beans
		http://www.springframework.org/schema/beans/spring-beans-3.0.xsd
		http://www.springframework.org/schema/context
		http://www.springframework.org/schema/context/spring-context-3.0.xsd
		http://www.springframework.org/schema/tx
		http://www.springframework.org/schema/tx/spring-tx-3.0.xsd">
		
	<!-- Include basic annotation support -->
   <!--  <context:annotation-config/> -->  
    
	<context:component-scan base-package="com.nyu.portlet.nyulessons" />
	
	<!-- <bean id="portletModeHandlerMapping"
		class="org.springframework.web.portlet.handler.PortletModeHandlerMapping">
		<property name="portletModeMap">
			<map>
				<entry key="view">
					<ref bean="homeController" />
				</entry>
			</map>
		</property>
	</bean>
	
	<bean id="homeController" class="com.nyu.portlet.HomeController"/>
	
	<bean id="lessonLocalServiceUtil" class="com.nyu.service.LessonLocalServiceUtil"/> -->
	
	<bean id="viewResolver"
		class="org.springframework.web.servlet.view.InternalResourceViewResolver">
		<property name="viewClass"
			value="org.springframework.web.servlet.view.InternalResourceView" />
		<property name="prefix" value="/WEB-INF/jsp/nyu-lessons/" />
		<property name="suffix" value=".jsp" />
	</bean>
	 
	<!-- <bean id="messageSource" class="org.springframework.context.support.ReloadableResourceBundleMessageSource">
		<property name="basename" value="/WEB-INF/messages/nyu" />
		<property name="cacheSeconds" value="1" />
		<property name="useCodeAsDefaultMessage" value="true" />
	</bean>
	
	<bean id="properties" class="org.springframework.beans.factory.config.PropertiesFactoryBean">
	    <property name="locations">
	        <list><value>/WEB-INF/messages/nyu.properties</value></list>
	    </property>
	</bean> -->
	
</beans>